product_name,product_details
"iHealth Track Smart Upper Arm Blood Pressure Monitor with Wide Range Cuff That fits Standard to Large Adult Arms, Bluetooth Compatible for iOS & Android Devices","Is Discontinued By Manufacturer :: No
Product Dimensions :: 3.66 x 6.26 x 6.38 inches; 15.45 ounces
Item model number :: KN-550BT
Batteries :: 4 AAA batteries required. (included)
Date First Available :: May 7, 2016
Manufacturer :: iHealth (HBA)
ASIN :: B01C5QS1T8"
"iHealth Neo Wireless Blood Pressure Monitor, Upper Arm Cuff, Bluetooth Blood Pressure Machine, Ultra-Thin & Portable, App-Enabled for iOS & Android","Is Discontinued By Manufacturer :: No
Product Dimensions :: 3.03 x 7.36 x 9.21 inches; 8.47 ounces
Item model number :: BP5S
Batteries :: 1 Lithium Polymer batteries required.
Date First Available :: July 29, 2019
Manufacturer :: iHealth
ASIN :: B07Q6G9B4K"
"Oklar Blood Pressure Monitors for Home Use Rechargeable Blood Pressure Cuff Wrist Digital BP Machine with LED Backlit Display, Voice Broadcast, 240 Memory Storage for 2 Users with Carrying Case","Product Dimensions :: 2.75 x 3.12 x 0.98 inches; 7.83 ounces
Item model number :: W1101L
Date First Available :: September 13, 2023
Manufacturer :: Shenzhen Jamr Technology Co., Ltd.
ASIN :: B0CHXY8WQW"
